symbol;name;sector;PE;EPS;Price/book;regularMarketPrice;forwardPE;totalDebt;gro
wthrate;priceEstimate;color;extrainfo
ALU.PA;Alcatel-Lucent;PAR;;France;;;
AI.PA;Air Liquide, société anonyme;PAR;Chemicals - Major Diversified;France;;;
AIR.PA;Airbus SE;PAR;;France;;;
CS.PA;AXA SA;PAR;Property & Casualty Insurance;France;;;
ALO.PA;Alstom SA;PAR;Diversified Machinery;France;;;
AC.PA;Accor SA;PAR;Lodging;France;;;
AF.PA;Air France-KLM SA;PAR;Major Airlines;France;;;
ALEHT.PA;Diaxonhit;PAR;Biotechnology;France;;;
SIPH.PA;Société Internationale de Plantations d'Hévéas Société Anonyme;PAR;Lumber, Wood Production;France;;;
OSI.PA;Ausy SA;PAR;;France;;;
MT.PA;MT.PA;PAR;;France;;;
CAFO.PA;Centrale d'Achat Française pour l'Outre-Mer Société Anonyme;PAR;Specialty Retail, Other;France;;;
RMS.PA;Hermès International Société en commandite par actions;PAR;Jewelry Stores;France;;;
MLMAB.PA;Maison Antoine Baud Société Anonyme;PAR;REIT - Office;France;;;
CDA.PA;Compagnie des Alpes SA;PAR;Resorts & Casinos;France;;;
ATO.PA;Atos SE;PAR;Information Technology Services;France;;;
ATA.PA;Atari SA;PAR;Multimedia & Graphics Software;France;;;
ALT.PA;Altran Technologies S.A.;PAR;Information Technology Services;France;;;
ALOCT.PA;Octo Technology Société Anonyme;PAR;;France;;;
ALMDG.PA;MGI Digital Technology Société Anonyme;PAR;Business Services;France;;;
ALAST.PA;Astellia S.A.;PAR;Technical & System Software;France;;;
ADP.PA;Aéroports de Paris SA;PAR;Air Services, Other;France;;;
ZC.PA;Zodiac Aerospace;PAR;Aerospace/Defense - Major Diversified;France;;;
XIL.PA;Xilam Animation;PAR;Entertainment - Diversified;France;;;
BNP.PA;BNP Paribas SA;PAR;Money Center Banks;France;;;
BN.PA;Danone;PAR;Food - Major Diversified;France;;;
BAIN.PA;Société Anonyme des Bains de Mer et du Cercle des Étrangers à Monaco;PAR;Resorts & Casinos;France;;;
EN.PA;Bouygues SA;PAR;General Contractors;France;;;
ML.PA;Compagnie Générale des Etablissements Michelin;PAR;Rubber & Plastics;France;;;
DSY.PA;Dassault Systèmes SE;PAR;Technical & System Software;France;;;
DP.PA;Groupe IRD SA;PAR;;France;;;
EDF.PA;Electricité de France S.A.;PAR;Diversified Utilities;France;;;
SMTPC.PA;Société Marseillaise du Tunnel Prado Carénage;PAR;Heavy Construction;France;;;
MLFER.PA;Ferco Développement;PAR;;France;;;
EDL.PA;Euro Disney S.C.A.;PAR;;France;;;
TAM.PA;Etam Developpement SCA;PAR;;France;;;
MLMAI.PA;Maisons D'aujourd'hui;PAR;;France;;;
FDR.PA;Fonciere des Regions;PAR;REIT - Diversified;France;;;
DVT.PA;Devoteam S.A.;PAR;Information Technology Services;France;;;
DPT.PA;S.T. Dupont S.A.;PAR;Textile - Apparel Clothing;France;;;
DGM.PA;Diagnostic Medical Systems S.A.;PAR;Medical Appliances & Equipment;France;;;
DBV.PA;DBV Technologies S.A.;PAR;Biotechnology;France;;;
CBSM.PA;Société Centrale des Bois et des Scieries de la Manche S.A.;PAR;REIT - Diversified;France;;;
BSD.PA;Bourse Direct Société Anonyme;PAR;Investment Brokerage - National;France;;;
ODET.PA;Financière de l'Odet SA;PAR;Conglomerates;France;;;
MLTRA.PA;Compagnie des Tramways de Rouen SA;PAR;Conglomerates;France;;;
MLTED.PA;Telecom Design SA;PAR;Communication Equipment;France;;;
MLSHD.PA;Scandinavian house Development SA;PAR;;France;;;
MLNV.PA;Compagnie Generale DES Etablissements Michelin SCA;PAR;;France;;;
MLLEM.PA;Lecteurs Du Monde;PAR;Business Services;France;;;
MLHK.PA;H&K AG;PAR;;France;;;
MLEAU.PA;Societe des Eaux de Douai SA;PAR;Water Utilities;France;;;
MLDAM.PA;Damaris SA;PAR;Technical & System Software;France;;;
MLCMB.PA;Compagnie Du Mont-Blanc;PAR;Recreational Goods, Other;France;;;
MLCFM.PA;CFM Indosuez Wealth;PAR;Money Center Banks;France;;;
MALA.PA;Societe Des Produits Marnier Lapostolle Société Anonyme;PAR;;France;;;
HDP.PA;Les Hotels De Paris SA;PAR;Lodging;France;;;
GUYD.PA;Guy Degrenne S.A.;PAR;Personal Products;France;;;
FDL.PA;Foncière Développement Logements;PAR;REIT - Residential;France;;;
SEV.PA;SUEZ SA;PAR;Water Utilities;France;;;
ERF.PA;Eurofins Scientific SE;PAR;Medical Laboratories & Research;France;;;
EO.PA;Faurecia S.A.;PAR;Auto Parts;France;;;
EI.PA;Essilor International Société Anonyme;PAR;Medical Instruments & Supplies;France;;;
CBE.PA;Robertet SA;PAR;Chemicals - Major Diversified;France;;;
SU.PA;Schneider Electric S.E.;PAR;Diversified Machinery;France;;;
ERSC.PA;Eurosic SA;PAR;REIT - Diversified;France;;;
ENGI.PA;ENGIE SA;PAR;;France;;;
ELIOR.PA;Elior Group;PAR;Restaurants;France;;;
ECP.PA;EuropaCorp;PAR;Broadcasting - TV;France;;;
VIE.PA;Veolia Environnement S.A.;PAR;Waste Management;France;;;
UBI.PA;Ubisoft Entertainment SA;PAR;Multimedia & Graphics Software;France;;;
SESL.PA;SES-imagotag;PAR;Diversified Electronics;France;;;
RF.PA;Eurazeo SE;PAR;Asset Management;France;;;
GPE.PA;Groupe Pizzorno Environnement;PAR;Waste Management;France;;;
FGR.PA;Eiffage SA;PAR;General Contractors;France;;;
ES.PA;Esso S.A.F.;PAR;Oil & Gas Refining & Marketing;France;;;
ERYP.PA;Erytech Pharma Société Anonyme;PAR;Biotechnology;France;;;
EOS.PA;ACTEOS S.A.;PAR;Business Software & Services;France;;;
EKI.PA;EKINOPS S.A.;PAR;Semiconductor Equipment & Materials;France;;;
EDEN.PA;Edenred SA;PAR;Credit Services;France;;;
ALSAS.PA;Stradim Espace Finances SA;PAR;Property Management;France;;;
ALGEM.PA;Eurogerm SA;PAR;Farm Products;France;;;
ALESK.PA;Esker SA;PAR;;France;;;
MLCVG.PA;Société des Chemins de Fer et Tramways du Var et du Gard;PAR;Asset Management;France;;;
PUB.PA;Publicis Groupe S.A.;PAR;Advertising Agencies;France;;;
OR.PA;L'Oréal S.A.;PAR;Personal Products;France;;;
SAN.PA;Sanofi;PAR;Drug Manufacturers - Major;France;;;
SAFT.PA;Saft Groupe S.A.;PAR;;France;;;
SAF.PA;Safran SA;PAR;Aerospace/Defense - Major Diversified;France;;;
GLE.PA;Societe Generale Group;PAR;Money Center Banks;France;;;
CRTO.PA;Caisse Régionale de Crédit Agricole Mutuel de La Touraine et du Poitou;PAR;Money Center Banks;France;;;
VIV.PA;Vivendi SA;PAR;Wireless Communications;France;;;
SOI.PA;Soitec S.A.;PAR;Semiconductor Equipment & Materials;France;;;
VRAP.PA;Vranken-Pommery Monopole Société anonyme;PAR;Beverages - Brewers;France;;;
UL.PA;UL.PA;PAR;;France;;;
TKTT.PA;Tarkett S.A.;PAR;General Building Materials;France;;;
TCH.PA;Technicolor SA;PAR;Entertainment - Diversified;France;;;
SOP.PA;Sopra Steria Group;PAR;Information Technology Services;France;;;
QUA.PA;Quantel;PAR;Medical Appliances & Equipment;France;;;
MC.PA;LVMH Moët Hennessy Louis Vuitton S.E.;PAR;Jewelry Stores;France;;;
MAU.PA;Etablissements Maurel & Prom S.A.;PAR;Independent Oil & Gas;France;;;
ILD.PA;Iliad SA;PAR;Wireless Communications;France;;;
HO.PA;Thales S.A.;PAR;Aerospace/Defense - Major Diversified;France;;;
FR.PA;Valeo SA;PAR;Auto Parts;France;;;
FP.PA;TOTAL S.A.;PAR;Major Integrated Oil & Gas;France;;;
CAF.PA;Caisse Régionale de Crédit Agricole Mutuel de Paris et d'Ile-de-France;PAR;Money Center Banks;France;;;
VK.PA;Vallourec SA;PAR;Steel & Iron;France;;;
VIRP.PA;Virbac SA;PAR;Drug Manufacturers - Major;France;;;
VAC.PA;Pierre & Vacances SA;PAR;Lodging;France;;;
UG.PA;Peugeot S.A.;PAR;Auto Manufacturers - Major;France;;;
THEP.PA;Thermador Groupe Société Anonyme;PAR;Business Services;France;;;
TES.PA;Tessi SA;PAR;Information Technology Services;France;;;
SX.PA;CS Communication & Systemes SA;PAR;Aerospace/Defense - Major Diversified;France;;;
SW.PA;Sodexo S.A.;PAR;Business Services;France;;;
STAL.PA;Installux SA;PAR;General Building Materials;France;;;
SGO.PA;Compagnie de Saint-Gobain S.A.;PAR;General Building Materials;France;;;
RXL.PA;Rexel S.A.;PAR;Business Services;France;;;
RI.PA;Pernod Ricard SA;PAR;Beverages - Wineries & Distillers;France;;;
RCO.PA;Rémy Cointreau SA;PAR;Beverages - Wineries & Distillers;France;;;
PARRO.PA;Parrot S.A.;PAR;Communication Equipment;France;;;
ORA.PA;Orange S.A.;PAR;;France;;;
NEO.PA;Neopost S.A.;PAR;Business Equipment;France;;;
MLSML.PA;Smalto Holding SA;PAR;;France;;;
MGIC.PA;MGI Coutier SA;PAR;Auto Parts;France;;;
KER.PA;Kering S.A.;PAR;;France;;;
ITXT.PA;Intexa S.A.;PAR;Textile - Apparel Clothing;France;;;
ICAD.PA;Icade S.A.;PAR;REIT - Diversified;France;;;
HIM.PA;Hi-Media S.A.;PAR;;France;;;
HBW.PA;Hubwoo;PAR;Information Technology Services;France;;;
HAV.PA;Havas SA;PAR;Marketing Services;France;;;
GDS.PA;Ramsay Générale de Santé SA;PAR;Health Care Plans;France;;;
FLY.PA;Societe Fonciere Lyonnaise;PAR;REIT - Office;France;;;
FLE.PA;Fleury Michon SA;PAR;Food - Major Diversified;France;;;
FII.PA;Lisi S.A.;PAR;Aerospace/Defense - Major Diversified;France;;;
COX.PA;Nicox S.A.;PAR;Biotechnology;France;;;
CAP.PA;Capgemini SE;PAR;;France;;;
CA.PA;Carrefour SA;PAR;Grocery Stores;France;;;
BVI.PA;Bureau Veritas SA;PAR;Business Services;France;;;
BB.PA;Société BIC SA;PAR;Personal Products;France;;;
VRNL.PA;Verneuil Participations SA;PAR;Asset Management;France;;;
TRI.PA;Trigano S.A.;PAR;Recreational Goods, Other;France;;;
TOUP.PA;Touax SCA;PAR;Shipping;France;;;
TER.PA;Terreïs (France);PAR;REIT - Diversified;France;;;
TEC.PA;Technip SA;PAR;;France;;;
SY.PA;SALVEPAR;PAR;;France;;;
SWP.PA;Sword Group S.E.;PAR;Technical & System Software;France;;;
STF.PA;Stef SA;PAR;Railroads;France;;;
SOA.PA;Sodifrance SA;PAR;Business Software & Services;France;;;
SEC.PA;Soditech SA;PAR;General Contractors;France;;;
SBT.PA;Oeneo SA;PAR;Beverages - Brewers;France;;;
RNO.PA;Renault SA;PAR;Auto Manufacturers - Major;France;;;
QTE.PA;Quotium Technologies SA;PAR;Technical & System Software;France;;;
PIX.PA;Pixium Vision SA;PAR;Medical Instruments & Supplies;France;;;
PIG.PA;Haulotte Group SA;PAR;Trucks & Other Vehicles;France;;;
OPN.PA;Groupe Open;PAR;Information Technology Services;France;;;
NK.PA;Imerys SA;PAR;General Building Materials;France;;;
NANO.PA;Nanobiotix SA;PAR;Drug Manufacturers - Major;France;;;
MON.PA;Montupet SA;PAR;;France;;;
MMT.PA;Métropole Télévision S.A.;PAR;Broadcasting - TV;France;;;
MLSTR.PA;Streit Mecanique SA;PAR;Auto Parts;France;;;
MLSIM.PA;Simo International Société Anonyme;PAR;Textile - Apparel Footwear & Accessories;France;;;
MLRAM.PA;Raphaël Michel S.A.;PAR;Beverages - Wineries & Distillers;France;;;
MLNOV.PA;Novatech Industries;PAR;Diversified Electronics;France;;;
MLHBB.PA;Financiere Hoche Bains-Les-Bains SA;PAR;Mortgage Investment;France;;;
MLCNT.PA;Consort NT SA;PAR;Information Technology Services;France;;;
MLCET.PA;Concept-et-tradition S.A.;PAR;;France;;;
MFG.PA;Montaigne Fashion Group;PAR;;France;;;
MF.PA;Wendel;PAR;Asset Management;France;;;
MERY.PA;Mercialys S.A.;PAR;REIT - Retail;France;;;
MED.PA;Medasys S.A.;PAR;Healthcare Information Services;France;;;
MAGIS.PA;Ymagis Société Anonyme;PAR;Entertainment - Diversified;France;;;
LBON.PA;Compagnie Lebon;PAR;Asset Management;France;;;
LACR.PA;Lacroix SA;PAR;Scientific & Technical Instruments;France;;;
KN.PA;Natixis S.A.;PAR;Money Center Banks;France;;;
JBOG.PA;Jacques Bogart S.A.;PAR;Personal Products;France;;;
ITE.PA;Itesoft SA;PAR;Technical & System Software;France;;;
IPS.PA;Ipsos SA;PAR;Marketing Services;France;;;
IPN.PA;Ipsen S.A.;PAR;Drugs - Generic;France;;;
IPH.PA;Innate Pharma S.A.;PAR;Biotechnology;France;;;
IMPL.PA;Implanet S.A.;PAR;;France;;;
IML.PA;Affine R.E.;PAR;REIT - Diversified;France;;;
HONV.PA;Thales SA;PAR;;France;;;
GTT.PA;Gaztransport & Technigaz S.A.;PAR;Diversified Machinery;France;;;
GFT.PA;GameLoft S.E.;PAR;;France;;;
GFI.PA;GFI Informatique SA;PAR;Information Technology Services;France;;;
GFC.PA;Gecina SA;PAR;REIT - Diversified;France;;;
GEA.PA;Grenobloise d'Electronique et d'Automatismes Société Anonyme;PAR;Business Equipment;France;;;
GBT.PA;Guerbet SA;PAR;Medical Appliances & Equipment;France;;;
FREY.PA;Frey SA;PAR;REIT - Retail;France;;;
FPN.PA;Foncière Paris Nord;PAR;REIT - Office;France;;;
FPG.PA;Union Technologies Informatique Group S.A.;PAR;Information Technology Services;France;;;
FNTS.PA;Finatis Société Anonyme;PAR;Food Wholesale;France;;;
FNAC.PA;Fnac Darty SA;PAR;Specialty Retail, Other;France;;;
FFP.PA;FFP Société anonyme;PAR;Asset Management;France;;;
FEM.PA;auFeminin.com;PAR;Internet Information Providers;France;;;
FBEL.PA;Fromageries Bel;PAR;Food - Major Diversified;France;;;
FAYE.PA;Fayenceries de Sarreguemines, Digoin & Vitry-le-Francois Société Anonyme;PAR;Personal Products;France;;;
CIV.PA;Caisse Régionale De Crédit Agricole Mutuel D'ille-Et-Vilaine;PAR;Money Center Banks;France;;;
CGM.PA;Cegedim SA;PAR;Healthcare Information Services;France;;;
CGG.PA;CGG;PAR;;France;;;
CCA.PA;CCA International;PAR;;France;;;
BOL.PA;Bollore;PAR;Air Delivery & Freight Services;France;;;
BELI.PA;Le Bélier S.A.;PAR;Auto Parts;France;;;
AREVA.PA;AREVA SA;PAR;;France;;;
ALUMS.PA;Umanis SA;PAR;Information Technology Services;France;;;
ALTUT.PA;Tuto4pc.com Group SA;PAR;;France;;;
ALTRA.PA;Traqueur SA;PAR;Scientific & Technical Instruments;France;;;
ALTER.PA;Theradiag SA;PAR;Medical Laboratories & Research;France;;;
ALQGC.PA;Quantum Genomics Société Anonyme;PAR;;France;;;
ALORO.PA;Orolia SA;PAR;;France;;;
ALINN.PA;Millet Innovation SA;PAR;Personal Products;France;;;
ALHVS.PA;Harvest S.A.;PAR;Business Software & Services;France;;;
ALGEN.PA;genOway Société Anonyme;PAR;Biotechnology;France;;;
ALCLS.PA;Cellectis S.A.;PAR;Biotechnology;France;;;
ALCLA.PA;Clasquin S.A.;PAR;Air Delivery & Freight Services;France;;;
ALBUD.PA;Budget Telecom S.A.;PAR;Wireless Communications;France;;;
ALALO.PA;Acheter-Louer.Fr SA;PAR;Advertising Agencies;France;;;
ALADO.PA;Adomos S.A.;PAR;Property Management;France;;;
AKA.PA;Akka Technologies;PAR;Business Services;France;;;
ACA.PA;Credit Agricole S.A.;PAR;Money Center Banks;France;;;
ABIO.PA;Albioma;PAR;;France;;;
ZIF.PA;Officiis Properties SA;PAR;;France;;;
VLAP.PA;Valneva SE;PAR;Biotechnology;France;;;
VET.PA;Vet'Affaires SA;PAR;;France;;;
VCT.PA;Vicat SA;PAR;General Building Materials;France;;;
UFF.PA;Union Financiere de France Banque SA;PAR;Asset Management;France;;;
UDIS.PA;U10 SA;PAR;Home Furnishings & Fixtures;France;;;
TEO.PA;FUTUREN S.A.;ENX;;France;;;
TNG.PA;Transgene SA;PAR;Biotechnology;France;;;
MLFIH.PA;Industrial Holding S.P.A;PAR;Real Estate Development;France;;;
HSB.PA;HSBC Holdings plc;PAR;Money Center Banks;France;;;
MSTY.PA;Mainstay Medical International plc;PAR;Medical Appliances & Equipment;France;;;
GJAJ.PA;Groupe JAJ;PAR;Textile - Apparel Clothing;France;;;
DEC.PA;JCDecaux SA;PAR;Advertising Agencies;France;;;
MLEST.PA;Societe Du Journal L'Est Republicain Société Anonyme;PAR;Publishing - Newspapers;France;;;
JCQ.PA;Jacquet Metal Service SA;PAR;;France;;;
MLJAN.PA;Jane France;PAR;Beverages - Soft Drinks;France;;;
MLKRI.PA;Bernard Krief Consultants SA;PAR;Mortgage Investment;France;;;
MLKIM.PA;Kimoce, SA;PAR;;France;;;
KOF.PA;Kaufman & Broad S.A.;PAR;Residential Construction;France;;;
KEY.PA;Keyrus S.A.;PAR;Information Technology Services;France;;;
ALKEY.PA;Keyyo S.A.;PAR;Wireless Communications;France;;;
LAX.PA;Stelax Industries Ltd.;PAR;Conglomerates;France;;;
PM.PA;Philip Morris International Inc.;PAR;Tobacco Products, Other;France;;;
MLSEQ.PA;Sequa Petroleum N.V.;PAR;Independent Oil & Gas;France;;;
MLSMP.PA;Semplicemente S.p.A.;PAR;;France;;;
STM.PA;STMicroelectronics N.V.;PAR;Semiconductor - Broad Line;France;;;
CSTM.PA;Constellium N.V;PAR;;France;;;
NXI.PA;Nexity SA;PAR;Property Management;France;;;
NUM.PA;SFR Group SA;PAR;;France;;;
NRO.PA;Neurones S.A.;PAR;Information Technology Services;France;;;
NEX.PA;Nexans S.A.;PAR;Diversified Machinery;France;;;
OXI.PA;GT Biopharma, Inc.;PAR;;France;;;
ORP.PA;ORPEA Société Anonyme;PAR;Long-Term Care Facilities;France;;;
ORAP.PA;Orapi;PAR;Specialty Chemicals;France;;;
ONXEO.PA;Onxeo SA;PAR;;France;;;
OLG.PA;Olympique Lyonnais Groupe SA;PAR;Broadcasting - TV;France;;;
MLOPT.PA;Optimus S.A.;PAR;;France;;;
MLONE.PA;Body One SA;PAR;Textile - Apparel Clothing;France;;;
ALONC.PA;Oncodesign Société Anonyme;PAR;Biotechnology;France;;;
ALODI.PA;O2i Société Anonyme;PAR;Technical & System Software;France;;;
ALOCA.PA;Oceasoft SA;PAR;;France;;;
OSE.PA;OSE Immunotherapeutics SA;PAR;;France;;;
QUADS.PA;;;;;;;
AGTA.PA;agta record ag;PAR;General Building Materials;France;;;
SQI.PA;SQLi;PAR;Information Technology Services;France;;;
RX.PA;Recylex S.A.;PAR;Industrial Metals & Minerals;France;;;
CATR.PA;Caterpillar Inc.;PAR;Farm & Construction Machinery;France;;;
MRK.PA;Merck & Co., Inc.;PAR;Drug Manufacturers - Major;France;;;
IFF.PA;IFF;PAR;;France;;;
HXL.PA;Hexcel Corporation;PAR;;France;;;
FORDP.PA;Ford Motor Company;PAR;;France;;;
ALUCR.PA;UCAR SA;PAR;Rental & Leasing Services;France;;;
RIN.PA;VILMORIN & CIE;PAR;Farm Products;France;;;
MLVER.PA;Verney-Carron SA;PAR;Aerospace/Defense - Major Diversified;France;;;
MLGEQ.PA;Gentlemen's Venture S.A.;PAR;;France;;;
LTE.PA;Valtech SA;PAR;;France;;;
GV.PA;Genomic Vision Société Anonyme;PAR;Food - Major Diversified;France;;;
DGNV.PA;VINCI S.A.;PAR;;France;;;
DG.PA;VINCI SA;PAR;General Contractors;France;;;
CRAV.PA;Crédit Agricole Atlantique Vendée;PAR;Money Center Banks;France;;;
ALVXM.PA;Vexim SA;PAR;Medical Instruments & Supplies;France;;;
ALVMG.PA;Visiomed Group SA;PAR;Medical Appliances & Equipment;France;;;
ALVEL.PA;Velcan SA;PAR;;France;;;
ALVDM.PA;Voyageurs du Monde Société Anonyme;PAR;Recreational Goods, Other;France;;;
ALVDI.PA;VDI Group Société Anonyme;PAR;Specialty Retail, Other;France;;;
MLVAL.PA;Valoneo SAS;PAR;;France;;;
MLVES.PA;Vestasia Limited;PAR;Asset Management;France;;;
VIAD.PA;Viadeo S.A.;PAR;;France;;;
MLANT.PA;ANTIPODES VOYAGES;PAR;;France;;;
MCNV.PA;LVMH Moët Hennessy Louis Vuitton S.E.;PAR;;France;;;
MLPHW.PA;Phone Web SA;PAR;Business Services;France;;;
MBWS.PA;Marie Brizard Wine & Spirits SA;PAR;Beverages - Wineries & Distillers;France;;;
ALWEB.PA;Weborama SA;PAR;Internet Information Providers;France;;;
IGE.PA;IGE+XAO Group;PAR;Technical & System Software;France;;;
XPO.PA;XPO Logistics Europe SA;PAR;;France;;;
GND.PA;XPO Logistics Europe SA;PAR;;France;;;
MLDYH.PA;DESIGN YOUR HOME Holding AB;PAR;;France;;;
MLZAM.PA;ZCCM Investments Holdings Plc;PAR;Copper;France;;;
STAGR.PA;Stallergenes Greer Plc;PAR;;France;;;
ZCNV.PA;Zodiac Aerospace;PAR;;France;;;
MLDUR.PA;DRDGOLD Limited;PAR;Gold;France;;;
CV.PA;ZCI Limited;PAR;;France;;;
ABCA.PA;ABC Arbitrage SA;PAR;Asset Management;France;;;
ABBV.PA;AbbVie Inc.;PAR;Drug Manufacturers - Major;France;;;
AB.PA;AB Science S.A.;PAR;Drug Manufacturers - Major;France;;;
MLABC.PA;ABC Orthodontics SA;PAR;;France;;;
ABVX.PA;ABIVAX Société Anonyme;PAR;;France;;;
MLACP.PA;Acep France;PAR;Medical Instruments & Supplies;France;;;
CIB.PA;Cibox Inter@ctive;PAR;Computer Based Systems;France;;;
ACAN.PA;Acanthe Developpement;PAR;REIT - Office;France;;;
ALACI.PA;Acces Industrie;PAR;;France;;;
ALACR.PA;ALACR.PA;PAR;;France;;;
MLACT.PA;Activium Group SAS;PAR;;France;;;
MLLEO.PA;Léon Grosse Actualités;PAR;General Contractors;France;;;
ACNV.PA;Accor S.A.;PAR;;France;;;
ATI.PA;Actia Group;PAR;Diversified Electronics;France;;;
ALP.PA;ADLPartner;PAR;Advertising Agencies;France;;;
ALADM.PA;ADThink Media Societe Anonyme;PAR;Internet Information Providers;France;;;
ADVI.PA;AdVini S.A.;PAR;Beverages - Brewers;France;;;
ALPAT.PA;Plant Advanced Technologies SA;PAR;;France;;;
ADV.PA;Advenis SA;PAR;;France;;;
ADOC.PA;Adocia SA;PAR;Biotechnology;France;;;
ALADA.PA;ADA Société Anonyme;PAR;;France;;;
ADI.PA;Audika Groupe Société Anonyme;PAR;;France;;;
FGA.PA;Figeac Aero Société Anonyme;PAR;;France;;;
MLNOT.PA;Novae Aerospace;PAR;Aerospace/Defense - Major Diversified;France;;;
BOAF.PA;Brasseries De L'ouest Africain;PAR;Beverages - Brewers;France;;;
AFO.PA;Afone S.A.;PAR;Wireless Communications;France;;;
MLAFT.PA;AFRIQUE TELECOM;PAR;;France;;;
FOAF.PA;Fin.Ouest Africain;PAR;Conglomerates;France;;;
CRLO.PA;Caisse Regionale de Credit Agricole Mutuel de la Loire-Haute-Loire SA;PAR;Money Center Banks;France;;;
CRBP2.PA;Crédit Agricole Brie Picardie;PAR;Money Center Banks;France;;;
CNF.PA;Crédit Agricole Nord de France;PAR;Money Center Banks;France;;;
CAT31.PA;Caisse Regionale de Credit Agricole Mutuel Toulouse 31;PAR;Money Center Banks;France;;;
ALAGR.PA;AgroGeneration SA;PAR;Farm Products;France;;;
23045719.PA;;;;;;;
26320927.PA;;;;;;;
AGRDS.PA;;;;;;;
CMO.PA;Caisse Régionale de Crédit Agricole du Morbihan;PAR;Money Center Banks;France;;;
AGCR.PA;Compagnie Agricole de la Crau;PAR;;France;;;
MLBRO.PA;Brokersclub AG;PAR;;France;;;
MLMLT.PA;ML Trading AG;PAR;;France;;;
CRSU.PA;Caisse Régionale de Crédit Agricole Mutuel Sud Rhône Alpes;PAR;Money Center Banks;France;;;
CRLA.PA;Crédit Agricole du Languedoc;PAR;Money Center Banks;France;;;
MLAAH.PA;Amatheon Agri Holding N.V.;PAR;Farm Products;France;;;
MLIFE.PA;Global Health Group AG;PAR;;France;;;
23045720.PA;;;;;;;
MLAGI.PA;SAS AG3i;PAR;;France;;;
30734678.PA;;;;;;;
ALFBA.PA;Fashion Bel Air S.A.;PAR;Textile - Apparel Clothing;France;;;
30734655.PA;;;;;;;
26318698.PA;;;;;;;
23052155.PA;;;;;;;
419919.PA;;;;;;;
AKE.PA;Arkema S.A.;PAR;Chemicals - Major Diversified;France;;;
MLAKD.PA;AKD SA;PAR;;France;;;
AKENV.PA;Arkema S.A.;PAR;;France;;;
ALCOI.PA;Coil S.A./N.V.;PAR;;France;;;
ALATP.PA;Aroundtown Property Holdings PLC;PAR;;France;;;
LTA.PA;Altamir SCA;PAR;Asset Management;France;;;
CRAP.PA;Caisse Régionale de Crédit Agricole Mutuel Alpes Provence;PAR;Money Center Banks;France;;;
ATE.PA;Alten SA;PAR;Information Technology Services;France;;;
ALUCI.PA;Lucibel SA;PAR;Diversified Electronics;France;;;
ALTHE.PA;Theraclion, S.A.S.;PAR;Medical Appliances & Equipment;France;;;
ALTEV.PA;Environnement S.A.;PAR;Scientific & Technical Instruments;France;;;
ALSPO.PA;Sporever SA;PAR;;France;;;
ALSIM.PA;Assima PLC;PAR;Business Software & Services;France;;;
ALSDL.PA;DL Software SA;PAR;;France;;;
ALS30.PA;Solutions 30 SE;PAR;Business Software & Services;France;;;
ALRGR.PA;Rougier S.A.;PAR;;France;;;
ALNEV.PA;Neovacs S.A.;PAR;Biotechnology;France;;;
ALNBT.PA;NetBooster SA;PAR;Marketing Services;France;;;
ALLOG.PA;Logic Instrument S.A.;PAR;Computer Based Systems;France;;;
ALIOX.PA;Innoveox;PAR;Pollution & Treatment Controls;France;;;
ALIMO.PA;Groupimo S.A.;PAR;Real Estate Development;France;;;
ALICR.PA;I.CERAM SA;PAR;Medical Instruments & Supplies;France;;;
ALHIT.PA;HiTechPros SA;PAR;Information Technology Services;France;;;
ALHEO.PA;H2O Innovation Inc.;PAR;Pollution & Treatment Controls;France;;;
ALGOW.PA;LETS GOWEX;PAR;;France;;;
ALGLD.PA;Gold By Gold SA;PAR;Industrial Metals & Minerals;France;;;
ALGEP.PA;Global EcoPower Société Anonyme;PAR;;France;;;
ALFRE.PA;Freelance.com SA;PAR;Staffing & Outsourcing Services;France;;;
ALFPC.PA;Fountaine Pajot SA;PAR;Recreational Goods, Other;France;;;
ALFIG.PA;Figeac-Aero Société Anonyme;ENX;;France;;;
ALEUP.PA;Europlasma SA;PAR;Waste Management;France;;;
ALENT.PA;Entreparticuliers.com;PAR;Internet Information Providers;France;;;
ALDEI.PA;Deinove SA;PAR;Specialty Chemicals;France;;;
ALCYB.PA;Cybergun S.A.;PAR;;France;;;
ALCOR.PA;Biocorp Production;PAR;;France;;;
ALCJ.PA;Crossject Société Anonyme;PAR;Medical Instruments & Supplies;France;;;
ALCAR.PA;Carmat SA;PAR;Medical Instruments & Supplies;France;;;
ALAUP.PA;Auplata S.A.;PAR;Gold;France;;;
ALANT.PA;Antevenio, S.A.;PAR;Advertising Agencies;France;;;
AREIT.PA;Altareit SCA;PAR;;France;;;
ALTRO.PA;Tronic's Microsystems SA;PAR;;France;;;
ALNXT.PA;Nextedia S.A.;PAR;;France;;;
ALHPC.PA;Heurtey Petrochem S.A.;PAR;Industrial Equipment Wholesale;France;;;
ALMER.PA;Sapmer SA;PAR;Food - Major Diversified;France;;;
ALSGD.PA;SpineGuard Société Anonyme;PAR;Medical Appliances & Equipment;France;;;
ALECR.PA;Eurofins Cerep SA;PAR;Drug Manufacturers - Major;France;;;
ALPHX.PA;Phenix Systems SA;PAR;;France;;;
ALREW.PA;Reworld Media Société Anonyme;PAR;;France;;;
ALINT.PA;IntegraGen SA;PAR;Biotechnology;France;;;
ALTTI.PA;Travel Technology Interactive;PAR;;France;;;
ALMGI.PA;MG International;PAR;Security & Protection Services;France;;;
ALEZV.PA;EasyVista S.A.;PAR;;France;;;
ALIDS.PA;Idsud;PAR;;France;;;
ALMTH.PA;Methorios Capital S.p.A.;PAR;;France;;;
ALMED.PA;Medicrea;PAR;Medical Instruments & Supplies;France;;;
ALHOL.PA;Holosfind;PAR;;France;;;
ALI2S.PA;i2S SA;PAR;Diversified Electronics;France;;;
ALIMR.PA;Immersion SA;PAR;;France;;;
ALREA.PA;Réalités;PAR;Property Management;France;;;
ALPHY.PA;Alès Groupe S.A.;PAR;Personal Products;France;;;
ALRIC.PA;Richel Group SA;PAR;;France;;;
ALPJT.PA;Poujoulat SA;PAR;;France;;;
ALBFR.PA;Sidetrade SA;PAR;Technical & System Software;France;;;
ALMNG.PA;madvertise;PAR;Advertising Agencies;France;;;
ALODS.PA;O2I DS;PAR;;France;;;
ALINS.PA;Intrasense SAS;PAR;Healthcare Information Services;France;;;
ALDBT.PA;DBT SA;PAR;;France;;;
ALBLD.PA;Bilendi SA;PAR;;France;;;
ALSFT.PA;Safti Groupe;PAR;;France;;;
ALBRS.PA;ALBRS.PA;PAR;;France;;;
ALKDY.PA;KINDY S.A.;PAR;;France;;;
ALIVA.PA;Ivalis SA;PAR;;France;;;
ALDBL.PA;Bernard Loiseau SA;PAR;;France;;;
ALBRI.PA;Bricorama SA;PAR;;France;;;
ALBI.PA;Gascogne SA;PAR;;France;;;
ALMDT.PA;Median Technologies SA;PAR;Medical Laboratories & Research;France;;;
ALMOU.PA;Moulinvest SA;PAR;Lumber, Wood Production;France;;;
ALBIO.PA;Biosynex SA;PAR;Medical Laboratories & Research;France;;;
ALAQU.PA;Aquila SA;PAR;Security & Protection Services;France;;;
ALFST.PA;TechnoFirst S.A.;PAR;;France;;;
ALOBR.PA;Ober SA;PAR;General Building Materials;France;;;
ALTVO.PA;Evolis SA;PAR;Diversified Machinery;France;;;
ALDEL.PA;Delfingen Industry S.A.;PAR;;France;;;
ALDAR.PA;Damartex;PAR;;France;;;
ALDR.PA;Delta Drone SA;PAR;Aerospace/Defense - Major Diversified;France;;;
ALEFE.PA;;;;;;;
ALTXC.PA;TXCOM Société Anonyme;PAR;;France;;;
ALCRB.PA;Carbios SAS;PAR;;France;;;
ALCOG.PA;Cogra 48 Société Anonyme;PAR;Lumber, Wood Production;France;;;
ALHER.PA;Heracles SA;PAR;;France;;;
ALPDS.PA;;;;;;;
ALOT.PA;;;;;;;
ALUT.PA;Alcatel-Lucent;PAR;;France;;;
ALSOA.PA;ALSOA.PA;PAR;;France;;;
ALLIX.PA;WALLIX GROUP SA;PAR;;France;;;
ALSER.PA;Groupe Serma Technologies SA;PAR;Business Services;France;;;
ALWED.PA;Wedia SA;PAR;Business Software & Services;France;;;
ALMIL.PA;1000mercis;PAR;Marketing Services;France;;;
ALDMO.PA;Demos;PAR;;France;;;
ALMAK.PA;Makheia Group Société Anonyme;PAR;;France;;;
ALHYG.PA;Hybrigenics Société Anonyme;PAR;Biotechnology;France;;;
ALSPW.PA;Spineway Société Anonyme;PAR;Medical Appliances & Equipment;France;;;
ALDLS.PA;DLSI;PAR;Staffing & Outsourcing Services;France;;;
ALLEX.PA;Lexibook - Linguistic Electronic System Société anonyme;PAR;;France;;;
ALBLU.PA;Bluelinea Société Anonyme;PAR;;France;;;
ALGBE.PA;Global Bioenergies;PAR;Diversified Utilities;France;;;
ALLMG.PA;LeadMedia Group;PAR;;France;;;
ALKKO.PA;;;;;;;
ALMAS.PA;Mastrad Société Anonyme;PAR;Personal Products;France;;;
ALMET.PA;Méthanor SCA;PAR;Diversified Utilities;France;;;
ALENR.PA;Entreprendre;PAR;;France;;;
ALVIV.PA;Visiativ SA;PAR;Technical & System Software;France;;;
ALDOL.PA;Dolphin Integration;PAR;Semiconductor - Broad Line;France;;;
ALLP.PA;Login People S.A.;PAR;;France;;;
ALGIL.PA;Groupe Guillin S.A.;PAR;;France;;;
ALCRM.PA;ALCRM.PA;PAR;;France;;;
ALOSP.PA;OspreyFrank PLC;PAR;;France;;;
ALMLB.PA;Miliboo SA;PAR;;France;;;
26320939.PA;;;;;;;
ALHIO.PA;Hiolle Industries;PAR;;France;;;
ALISC.PA;IsCool Entertainment;PAR;;France;;;
ALANV.PA;Anevia Société Anonyme;PAR;Business Software & Services;France;;;
ALPCI.PA;Primecity Investment Plc;PAR;;France;;;
ALSEN.PA;Sensorion SA;PAR;;France;;;
ALSTW.PA;Streamwide S.A.;PAR;Business Software & Services;France;;;
ALMIC.PA;Microwave Vision S.A.;PAR;Diversified Electronics;France;;;
ALCES.PA;César SA;PAR;;France;;;
ALCOF.PA;Cofidur S.A.;PAR;;France;;;
ALA2M.PA;A2micile Europe;PAR;Personal Services;France;;;
ALBDM.PA;BD Multimedia SA;PAR;;France;;;
ALSOL.PA;Custom Solutions SA;PAR;Marketing Services;France;;;
ALBPS.PA;Institut Biophytis SAS;PAR;;France;;;
ALGEV.PA;Gévelot SA;PAR;;France;;;
ALTA.PA;Altarea SCA;PAR;REIT - Residential;France;;;
ALVER.PA;Vergnet SA;PAR;Diversified Utilities;France;;;
ALADS.PA;;;;;;;
ALPDX.PA;Piscines Desjoyaux SA;PAR;;France;;;
ALMDW.PA;Medical Device Works SA;PAR;;France;;;
ALDRV.PA;Drone Volt SA;PAR;;France;;;
30734982.PA;;;;;;;
ALPGG.PA;Piscines Groupe GA;PAR;;France;;;
26326598.PA;;;;;;;
ALNSE.PA;NSE Industries SA;PAR;;France;;;
ALNOV.PA;Novacyt Société Anonyme;PAR;Biotechnology;France;;;
ALTRI.PA;Trilogiq S.A.;PAR;Conglomerates;France;;;
ALWET.PA;;;;;;;
ALESA.PA;Ecoslops S.A.;PAR;;France;;;
ALFIL.PA;Filae S.A.;PAR;;France;;;
ALPLA.PA;Planet.fr SA;PAR;;France;;;
ALGCM.PA;Groupe Concoursmania;PAR;;France;;;
ALROC.PA;RocTool S.A.;PAR;;France;;;
ALTUR.PA;Altur Investissement SCA, SCR;PAR;;France;;;
ALDIE.PA;Dietswell S.A.;PAR;Oil & Gas Equipment & Services;France;;;
ALVIA.PA;Vialife SA;PAR;;France;;;
ALBDS.PA;;;;;;;
ALPOU.PA;Poulaillon SA;PAR;;France;;;
ALWEC.PA;We.Connect SA;PAR;;France;;;
ALM.PA;Alpha MOS S.A.;PAR;Scientific & Technical Instruments;France;;;
ALLHB.PA;Les Hôtels Baverez S.A.;PAR;;France;;;
ALDV.PA;Alliance Developpement Capital SIIC;PAR;Property Management;France;;;
ALEO2.PA;Eo2 Société Anonyme;PAR;;France;;;
ALPRI.PA;Prismaflex International SA;PAR;Marketing Services;France;;;
ALGAU.PA;Gaussin SA;PAR;;France;;;
ALSIP.PA;SI Participations S.C.A, SCR;PAR;;France;;;
ALFOC.PA;Focus Home Interactive SA;PAR;;France;;;
ALEMV.PA;Emova Group SA;PAR;;France;;;
ALTLX.PA;Toolux Sanding S.A.;PAR;;France;;;
23052339.PA;;;;;;;
ALEUA.PA;Eurasia Groupe S.A.;PAR;Real Estate Development;France;;;
ALGIS.PA;GLOBAL INVESTMENT;PAR;;France;;;
ALPRO.PA;Prodware;PAR;Business Software & Services;France;;;
AMUN.PA;Amundi Group;PAR;;France;;;
AMEBA.PA;Amoéba S.A.;PAR;;France;;;
AM.PA;Dassault Aviation S.A.;PAR;Aerospace/Defense - Major Diversified;France;;;
AMPLI.PA;Amplitude Surgical SA;PAR;;France;;;
MLARD.PA;Ardoin ST Amand A;PAR;Auto Dealerships;France;;;
AML.PA;Atmel Corporation;PAR;;France;;;
ROSA.PA;MedTech Société Anonyme;PAR;;France;;;
PSAT.PA;Passat Société Anonyme;PAR;Advertising Agencies;France;;;
PROL.PA;Prologue S.A.;PAR;Technical & System Software;France;;;
PAOR.PA;Rothschild & Co SCA;PAR;;France;;;
PERR.PA;Gérard Perrier Industrie S.A.;PAR;Diversified Electronics;France;;;
MLIMP.PA;Imprimerie Chirat Société Anonyme;PAR;Publishing - Newspapers;France;;;
MLHOP.PA;Participation Industrielle Miniere Société Anonyme;PAR;Conglomerates;France;;;
MLGRC.PA;Groupe Carnivor Société Anonyme;PAR;Savings & Loans;France;;;
GUI.PA;Guillemot Corporation S.A.;PAR;Computer Based Systems;France;;;
FIPP.PA;FIPP S.A.;PAR;Conglomerates;France;;;
ETL.PA;Eutelsat Communications S.A.;PAR;Communication Equipment;France;;;
EDI.PA;Media 6 SA;PAR;Advertising Agencies;France;;;
CO.PA;Casino, Guichard-Perrachon Société Anonyme;PAR;Grocery Stores;France;;;
BLUE.PA;Blue Solutions Société Anonyme;PAR;Diversified Electronics;France;;;
BLEE.PA;Bleecker Société Anonyme;PAR;REIT - Diversified;France;;;
MPI.PA;MPI Société Anonyme;PAR;;France;;;
ANF.PA;ANF Immobilier;PAR;REIT - Diversified;France;;;
MND.PA;MND Group Société Anonyme;PAR;Recreational Goods, Other;France;;;
NSGP.PA;NSC Groupe SA;PAR;;France;;;
MLCEC.PA;Cecurity.com Société Anonyme;PAR;Security & Protection Services;France;;;
MLPSH.PA;T.P.S.H. Société Anonyme;PAR;Diversified Machinery;France;;;
CARPD.PA;Cardety;ENX;;France;;;
MLOLM.PA;Olmix Société Anonyme;PAR;Agricultural Chemicals;France;;;
MLAMA.PA;ANDREW MACALLISTER;PAR;;France;;;
MLSIC.PA;Financiere Sicomax Société Anonyme;PAR;Property Management;France;;;
ORPNV.PA;ORPEA Société Anonyme;PAR;;France;;;
MLETA.PA;Metalliance Société Anonyme;PAR;Diversified Machinery;France;;;
MLHYD.PA;Hydraulique PB S.A.;PAR;;France;;;
TNFN.PA;Technofan Société Anonyme;PAR;;France;;;
INFE.PA;Compagnie Industrielle et Financière d'Entreprises SA;PAR;General Contractors;France;;;
AUGR.PA;Augros Cosmetic Packaging Société anonyme;PAR;Packaging & Containers;France;;;
RAL.PA;Rallye SA;PAR;Grocery Stores;France;;;
MLFXO.PA;Finaxo Environnement Societe Anonyme;PAR;Waste Management;France;;;
FALG.PA;Fermentalg Société Anonyme;PAR;Biotechnology;France;;;
LLY.PA;Eli Lilly and Company;PAR;Drug Manufacturers - Major;France;;;
SLB.PA;Schlumberger Limited;PAR;Oil & Gas Equipment & Services;France;;;
STNT.PA;STENTYS S.A.;PAR;Medical Appliances & Equipment;France;;;
MLMTD.PA;MTD Finance Société Anonyme;PAR;;France;;;
MLFRC.PA;France-Chauffage Société Anonyme;PAR;Industrial Equipment Wholesale;France;;;
MLCMI.PA;Societe De Conseil En Externalisation Et En Marketing Internet Société Anonyme;PAR;;France;;;
NRX.PA;Naturex S.A.;PAR;Farm Products;France;;;
MLFMM.PA;Compagnie Financière Martin Maurel Société Anonyme;PAR;;France;;;
MLTDS.PA;Les Thermes de Saujon Société Anonyme;PAR;;France;;;
MLCFD.PA;Compagnie de Chemins de Fer Départementaux Société Anonyme;PAR;Railroads;France;;;
SFCA.PA;Société Française de Casinos Société Anonyme;PAR;Resorts & Casinos;France;;;
SII.PA;SII (Société pour l'Informatique Industrielle) Société Anonyme;PAR;Information Technology Services;France;;;
APR.PA;April Société Anonyme;PAR;Insurance Brokers;France;;;
APAM.PA;;;;;;;
MLAAT.PA;Azorean - Aquatic Technologies, S.A.;PAR;;France;;;
MLGAI.PA;Grande Armee Investissement SA;PAR;Business Services;France;;;
ARTE.PA;ARTEA;PAR;;France;;;
ARG.PA;Argan SA;PAR;REIT - Diversified;France;;;
MLART.PA;Artsnet;PAR;Information Technology Services;France;;;
MLARO.PA;Aroma Celte;PAR;;France;;;
JXR.PA;Archos S.A.;PAR;Electronic Equipment;France;;;
MTDS.PA;;;;;;;
MLAMY.PA;Arthur Maury SA;PAR;Jewelry Stores;France;;;
ARTO.PA;La Société Industrielle et Financière de l'Artois;PAR;Conglomerates;France;;;
PRC.PA;Artprice.com;PAR;Publishing - Newspapers;France;;;
ARTNR.PA;;;;;;;
MLNMA.PA;Nicolas Miguet et Associes SA;PAR;Business Services;France;;;
ASY.PA;Assystem SA;PAR;General Contractors;France;;;
ASK.PA;ASK S.A.;PAR;Semiconductor- Memory Chips;France;;;
MLVOP.PA;Vopium A/S;PAR;Wireless Communications;France;;;
MLAEM.PA;Ashler et Manson SA;PAR;;France;;;
CNP.PA;CNP Assurances SA;PAR;Life Insurance;France;;;
ASP.PA;AST Groupe;PAR;Residential Construction;France;;;
ML350.PA;Rapidoprêt SAS;PAR;;France;;;
FATL.PA;Fonciere Atland;PAR;REIT - Diversified;France;;;
ATEME.PA;ATEME SA;PAR;Communication Equipment;France;;;
ATONV.PA;Atos SE;PAR;;France;;;
AURE.PA;Aurea SA;PAR;Waste Management;France;;;
AUB.PA;Aubay Société Anonyme;PAR;Information Technology Services;France;;;
AURS.PA;AURES Technologies S.A.;PAR;Business Equipment;France;;;
AVT.PA;Avenir Telecom S.A.;PAR;Communication Equipment;France;;;
AVQ.PA;Avanquest SA;PAR;;France;;;
AWOX.PA;AwoX S.A.;PAR;Electronic Equipment;France;;;
AXW.PA;Axway Software SA;PAR;Technical & System Software;France;;;
CSNV.PA;AXA Group;PAR;;France;;;
MLAZL.PA;AZ Leasing;PAR;Rental & Leasing Services;France;;;
BLC.PA;Bastide le Confort Medical SA;PAR;Medical Equipment Wholesale;France;;;
BCRA.PA;Baccarat S.A.;PAR;Personal Products;France;;;
BCAM.PA;Societe Anonyme des Brasseries du Cameroun;PAR;Beverages - Brewers;France;;;
SOLB.PA;;;;;;;
MLGES.PA;Green Energy 4 Seasons;PAR;Diversified Utilities;France;;;
BOTHE.PA;;;;;;;
BEN.PA;Bénéteau S.A.;PAR;Recreational Goods, Other;France;;;
DEXBT.PA;;;;;;;
MLMFI.PA;Condor International;PAR;Medical Instruments & Supplies;France;;;
MLIOC.PA;Indoor and Outdoor Communication Holding SA;PAR;;France;;;
DEXB.PA;Dexia SA;PAR;;France;;;
MLV4S.PA;Les Vérandas 4 Saisons;PAR;Business Services;France;;;
BERR.PA;Financiere et Immobiliere de l'Etang de Berre et de la Mediterranee S.A.;PAR;Property Management;France;;;
CYAD.PA;;;;;;;
MTU.PA;Manitou BF SA;PAR;Diversified Machinery;France;;;
DIM.PA;Sartorius Stedim Biotech S.A.;PAR;;France;;;
BIM.PA;bioMérieux S.A.;PAR;Medical Laboratories & Research;France;;;
BIG.PA;BigBen Interactive;PAR;Electronic Equipment;France;;;
MLCLI.PA;Maison Clio Blue SA;PAR;;France;;;
MLTBM.PA;Les Toques Blanches Du Monde;PAR;;France;;;
BND.PA;Business & Decision SA;PAR;Business Services;France;;;
BNS.PA;Beni Stabili SIIQ S.p.A.;PAR;REIT - Diversified;France;;;
GBB.PA;Bourbon Corporation SA;PAR;Oil & Gas Equipment & Services;France;;;
BOI.PA;Boiron SA;PAR;Drug Manufacturers - Major;France;;;
MLBOK.PA;MLBOK.PA;PAR;;France;;;
CARP.PA;Carpinienne de Participations;PAR;Property Management;France;;;
BON.PA;Bonduelle SA;PAR;Food - Major Diversified;France;;;
ENNV.PA;Bouygues SA;PAR;;France;;;
BOLNV.PA;Bolloré SA;PAR;;France;;;
MLLB.PA;Luigi Botto Group;PAR;;France;;;
30735000.PA;;;;;;;
MRB.PA;Mr. Bricolage SA;PAR;Home Improvement Stores;France;;;
BUR.PA;Burelle SA;PAR;Auto Parts;France;;;
BVINV.PA;Bureau Veritas SA;PAR;;France;;;
BUI.PA;Barbara Bui;PAR;Textile - Apparel Clothing;France;;;
MLHMC.PA;Hotel Majestic Cannes;PAR;Lodging;France;;;
CBDG.PA;Compagnie du Cambodge;PAR;Conglomerates;France;;;
CAS.PA;Cast SA;PAR;Technical & System Software;France;;;
CAPLI.PA;Groupe Capelli;PAR;Property Management;France;;;
CARDS.PA;;;;;;;
CBOT.PA;CBo Territoria Société Anonyme;PAR;;France;;;
CBR.PA;ROBERTET CDV 87;PAR;;France;;;
CCN.PA;Caisse Régionale de Crédit Agricole Mutuel de Normandie-Seine;PAR;Money Center Banks;France;;;
CCE.PA;Coca-Cola Enterprises, Inc.;PAR;;France;;;
CC.PA;Crédit Industriel et Commercial;PAR;;France;;;
CDI.PA;Christian Dior SE;PAR;Jewelry Stores;France;;;
CLNV.PA;Cellnovo Limited;PAR;;France;;;
CGR.PA;CeGeREAL SA;PAR;REIT - Office;France;;;
CEREN.PA;Cerenis Therapeutics Holding SA;PAR;;France;;;
CEN.PA;Groupe CRIT SA;PAR;Staffing & Outsourcing Services;France;;;
MLROU.PA;Rousselet Centrifugation S.A.;PAR;Diversified Machinery;France;;;
CGD.PA;Cegid Group SA;PAR;;France;;;
CFAO.PA;CFAO SA;PAR;;France;;;
CFI.PA;CFI-Compagnie Foncière Internationale;PAR;REIT - Diversified;France;;;
CGGDS.PA;;;;;;;
TVRB.PA;Téléverbier SA;PAR;Resorts & Casinos;France;;;
MLTRC.PA;Laboratoire les 3 Chênes;PAR;Personal Products;France;;;
LHN.PA;LafargeHolcim Ltd;PAR;;France;;;
CHSR.PA;Chausseria;PAR;Textile - Apparel Footwear & Accessories;France;;;
MLFIR.PA;FirstCaution SA;PAR;Insurance Brokers;France;;;
CHAU.PA;Compagnie Parisienne de Chauffage Urbain;PAR;Water Utilities;France;;;
MLCSP.PA;China Super Power Saving Holdings Limited;PAR;;France;;;
MLOVE.PA;4Service Cloud Tech AG;PAR;;France;;;
CIEM.PA;Galimmo;PAR;;France;;;
MLMAT.PA;Simat;PAR;Air Delivery & Freight Services;France;;;
MLCCL.PA;;;;;;;
MLTHA.PA;THANNBERGER ET CIE;PAR;;France;;;
MLCIO.PA;Groupe CIOA;PAR;Conglomerates;France;;;
FORE.PA;La Forestière Equatoriale SA;PAR;;France;;;
MLPIV.PA;Pétro Ivoire SA;PAR;;France;;;
VIL.PA;VIEL & Cie;PAR;Investment Brokerage - National;France;;;
LTAN.PA;Le Tanneur & Cie;PAR;Textile - Apparel Footwear & Accessories;France;;;
MLCJS.PA;CJS PLV;PAR;;France;;;
CNV.PA;Cnova N.V.;PAR;;France;;;
MLFCI.PA;Financière Croissance Investissement SA;PAR;Recreational Goods, Other;France;;;
MLCRO.PA;Crosslog SA;PAR;;France;;;
CRINV.PA;Chargeurs SA;PAR;;France;;;
CRI.PA;Chargeurs S.A.;PAR;Textile Industrial;France;;;
CRBT.PA;Courbet Sa;PAR;;France;;;
CROS.PA;Crosswood SA;PAR;;France;;;
MLCTA.PA;CTA Holdings;PAR;Diversified Machinery;France;;;
CTRG.PA;Catering International & Services Société Anonyme;PAR;Business Services;France;;;
MLSIL.PA;Sejours Internat. Linguistique Culture;PAR;;France;;;
DAN.PA;DANE ELEC MEMORY;PAR;;France;;;
IMDA.PA;Immobiliere Dassault SA;PAR;REIT - Diversified;France;;;
MLDHZ.PA;Data Hertz;PAR;;France;;;
DLT.PA;Dalet S.A.;PAR;Technical & System Software;France;;;
DSYNV.PA;Dassault Systèmes SE;PAR;;France;;;
DRTY.PA;Darty plc;PAR;;France;;;
DBT.PA;Encres Dubuit;PAR;Specialty Chemicals;France;;;
DBG.PA;Derichebourg;PAR;Waste Management;France;;;
COM.PA;Constructions Industrielles de la Méditerranée;PAR;Waste Management;France;;;
MLMGL.PA;Magillem Design Services SA;PAR;Electronics Wholesale;France;;;
MLSDR.PA;SendR SE;PAR;;France;;;
MLMED.PA;Meubles Delias SA;PAR;Home Furnishings & Fixtures;France;;;
DLTA.PA;Delta Plus Group;PAR;Textile - Apparel Clothing;France;;;
ULDV.PA;Ulric de Varens SA;PAR;;France;;;
FDPA.PA;Foncière de Paris SIIC Société Anonyme;PAR;;France;;;
MLEDR.PA;Compagnie Des Eaux De Royan;PAR;Water Utilities;France;;;
DGE.PA;Diageo plc;PAR;Beverages - Wineries & Distillers;France;;;
DIREN.PA;Direct Energie Société Anonyme;PAR;;France;;;
MLDIG.PA;Digitech;PAR;Technical & System Software;France;;;
MLDDP.PA;DEAUVILLE DIAMOND;PAR;;France;;;
MLBRI.PA;Brico Distribution SAS;PAR;;France;;;
DIG.PA;Digigram S.A.;PAR;Diversified Electronics;France;;;
DNX.PA;DNXCorp SE;PAR;Specialty Retail, Other;France;;;
DOMS.PA;Dom Security;PAR;;France;;;
DPAM.PA;Docks des Pétroles d'Ambès SA;PAR;Oil & Gas Refining & Marketing;France;;;
DRVT.PA;;;;;;;
MLDRV.PA;;;;;;;
DUC.PA;Duc Société Anonyme;PAR;;France;;;
DUPP.PA;E. I. du Pont de Nemours and Company;PAR;;France;;;
MLEDS.PA;Editions Du Signe SA;PAR;;France;;;
PVL.PA;Plastiques du Val de Loire;PAR;Rubber & Plastics;France;;;
FCMC.PA;Société Fermière du Casino Municipal de Cannes;PAR;Lodging;France;;;
MLDYN.PA;Dynafond SA;PAR;Auto Parts;France;;;
MLDYX.PA;Dynex Energy S.A.;PAR;Independent Oil & Gas;France;;;
MLEAS.PA;Easson Telecom Limited;PAR;Wireless Communications;France;;;
EEM.PA;Viktoria Invest SA;PAR;;France;;;
ECASA.PA;ECA SA;PAR;Diversified Machinery;France;;;
EC.PA;Total Gabon;PAR;Independent Oil & Gas;France;;;
MLECO.PA;ecolutions GmbH & Co. KGaA;PAR;;France;;;
MLEDU.PA;EDUNIVERSAL;PAR;;France;;;
26275812.PA;;;;;;;
EDENV.PA;Edenred SA;PAR;;France;;;
30711105.PA;;;;;;;
23045557.PA;;;;;;;
23045583.PA;;;;;;;
EFI.PA;Eurasia Fonciere Investissements Société Anonyme;PAR;;France;;;
GID.PA;Egide S.A.;PAR;Electronic Equipment;France;;;
EINV.PA;Essilor International SA;PAR;;France;;;
EIFF.PA;Société de la Tour Eiffel;PAR;REIT - Office;France;;;
ELIS.PA;Elis SA;PAR;;France;;;
ELEC.PA;Électricite de Strasbourg Société Anonyme;PAR;Electric Utilities;France;;;
ELE.PA;Euler Hermes Group SA;PAR;Property & Casualty Insurance;France;;;
GNE.PA;General Electric Company;PAR;Diversified Machinery;France;;;
SUNV.PA;Schneider Electric SE;PAR;;France;;;
EPS.PA;Electro Power Systems S.A.;PAR;;France;;;
TONN.PA;Tonna Electronique SA;PAR;Communication Equipment;France;;;
ELINV.PA;Elior;PAR;;France;;;
EMG.PA;Euromedis Groupe;PAR;Medical Appliances & Equipment;France;;;
EME.PA;GROUPE SFPI SA;ENX;;France;;;
EMVDS.PA;;;;;;;
SCHP.PA;Séché Environnement SA;PAR;Waste Management;France;;;
MLEES.PA;Energie Europe Service;PAR;Electric Utilities;France;;;
MCPHY.PA;McPhy Energy SA;PAR;Diversified Machinery;France;;;
ENX.PA;Euronext N.V.;PAR;Asset Management;France;;;
EOSI.PA;EOS imaging SA;PAR;Medical Appliances & Equipment;France;;;
MLEMG.PA;Eon Motors Group SA;PAR;Auto Manufacturers - Major;France;;;
EONV.PA;Faurecia S.A.;PAR;;France;;;
EXPL.PA;EPC Groupe;PAR;Chemicals - Major Diversified;France;;;
ERA.PA;ERAMET S.A.;PAR;Industrial Metals & Minerals;France;;;
ERFNV.PA;Eurofins Scientific SE;PAR;;France;;;
ESI.PA;ESI Group SA;PAR;Technical & System Software;France;;;
ESP.PA;;;;;;;
26832548.PA;;;;;;;
30711858.PA;;;;;;;
MLEBX.PA;Essere Benessere SpA;PAR;;France;;;
MLHIN.PA;Société Hôtelière et Immobilière de Nice S.A.;PAR;Lodging;France;;;
PAT.PA;Patrimoine et Commerce SA;PAR;Textile - Apparel Clothing;France;;;
MLCAC.PA;Lombard et Medot SA;PAR;Beverages - Brewers;France;;;
MLERO.PA;Euroland Corporate;PAR;Investment Brokerage - National;France;;;
MLERI.PA;Eurinnov;PAR;;France;;;
EURS.PA;Foncière Euris SA;PAR;Property Management;France;;;
EUCAR.PA;Europcar Groupe S.A.;PAR;;France;;;
GET.PA;Groupe Eurotunnel SE;PAR;Heavy Construction;France;;;
MLMCE.PA;MEDIOCREDITO EUROP;PAR;;France;;;
MLITG.PA;Integral Europe;PAR;;France;;;
EUR.PA;Euro Ressources S.A.;PAR;Gold;France;;;
MLEVE.PA;Everset;PAR;Apparel Stores;France;;;
GLO.PA;GL Events;PAR;Business Services;France;;;
METEX.PA;Metabolic Explorer S.A.;PAR;Chemicals - Major Diversified;France;;;
EXE.PA;Exel Industries Société Anonyme;PAR;Farm & Construction Machinery;France;;;
EXAC.PA;Exacompta Clairefontaine SA;PAR;Paper & Paper Products;France;;;
MLHYE.PA;Hydro Exploitations SA;PAR;Electronics Wholesale;France;;;
MLMEX.PA;MONEY EXPRESS;PAR;;France;;;
LEY.PA;Faiveley Transport S.A.;PAR;;France;;;
FAUV.PA;Fauvet-Girel;PAR;Investment Brokerage - National;France;;;
MLFAC.PA;Facilasol Group SA;PAR;;France;;;
MFC.PA;Maisons France Confort S.A.;PAR;Residential Construction;France;;;
MALT.PA;Malteries Franco-Belges Société Anonyme;PAR;Beverages - Brewers;France;;;
FED.PA;Giorgio Fedon & Figli Spa;PAR;Personal Products;France;;;
FINM.PA;Financière Marjos SA;PAR;;France;;;
NOKIA.PA;Nokia Corporation;PAR;;France;;;
14488435.PA;L'OREAL PRIME FID.;PAR;;France;;;
ORIA.PA;Fiducial Real Estate;PAR;Real Estate Development;France;;;
FIM.PA;F. Marc de Lacharrière (Fimalac) S.A.;PAR;;France;;;
FLO.PA;Groupe Flo SA;PAR;Restaurants;France;;;
FMU.PA;Fonciere Des Murs;PAR;REIT - Hotel/Motel;France;;;
LEBL.PA;Foncière 7 investissement Société Anonyme;PAR;Personal Products;France;;;
INEA.PA;Fonciere Inea S.A.;PAR;REIT - Office;France;;;
MLCFI.PA;CHINA FOREST;PAR;;France;;;
SPEL.PA;Foncière Volta;PAR;Property Management;France;;;
LFVE.PA;La Fonciere Verte;PAR;;France;;;
MLVIN.PA;Foncière Vindi SAS;PAR;Property Management;France;;;
FPNV.PA;TOTAL S.A.;PAR;;France;;;
THER.PA;Thermocompact SA;PAR;Diversified Machinery;France;;;
TFF.PA;TFF Group;PAR;Beverages - Brewers;France;;;
SOG.PA;Sogeclair SA;PAR;Business Software & Services;France;;;
SOFR.PA;Societe Francaise de Gestion et d'Investissement;PAR;Asset Management;France;;;
SO.PA;Somfy SA;PAR;Home Furnishings & Fixtures;France;;;
SCDU.PA;Schaeffer Dufour;PAR;;France;;;
SFT.PA;Soft Computing;PAR;Internet Information Providers;France;;;
SFBS.PA;Sofibus Patrimoine S.A.;PAR;Real Estate Development;France;;;
SDG.PA;Synergie SE;PAR;Staffing & Outsourcing Services;France;;;
SCR.PA;SCOR SE;PAR;Property & Casualty Insurance;France;;;
SAMS.PA;Samse SA;PAR;Industrial Equipment Wholesale;France;;;
SABE.PA;Sabeton SA;PAR;Food - Major Diversified;France;;;
RIB.PA;Riber S.A.;PAR;Semiconductor Equipment & Materials;France;;;
RCF.PA;Teleperformance SE;PAR;Business Services;France;;;
PSB.PA;PSB Industries;PAR;Packaging & Containers;France;;;
MUN.PA;Micropole S.A.;PAR;Business Services;France;;;
MRM.PA;M.R.M. SA;PAR;REIT - Diversified;France;;;
MMB.PA;Lagardère SCA;PAR;Publishing - Newspapers;France;;;
MLVST.PA;Televista SA;PAR;Broadcasting - TV;France;;;
MLTRO.PA;TROC DE L'ILE SA;PAR;Specialty Retail, Other;France;;;
MLSTM.PA;STEAM France SA;PAR;;France;;;
MLPPI.PA;Pascal Piveteau SA;PAR;;France;;;
MLPOL.PA;Pol-Roger (Champagne);PAR;Beverages - Wineries & Distillers;France;;;
MLPFX.PA;Parfex SA;PAR;Specialty Chemicals;France;;;
MLNLF.PA;Neolife SA;PAR;;France;;;
MLMON.PA;MonFinancier SAS;PAR;;France;;;
MLLEA.PA;Leaderlease;PAR;Rental & Leasing Services;France;;;
MLIML.PA;ImAlliance SA;PAR;Entertainment - Diversified;France;;;
MLIDS.PA;IDS France SAS;PAR;Technical & System Software;France;;;
MLGEO.PA;GEOREX S.A.;PAR;Independent Oil & Gas;France;;;
MLCOR.PA;Corep Lighting;PAR;;France;;;
LSS.PA;Lectra SA;PAR;Technical & System Software;France;;;
LR.PA;Legrand SA;PAR;Diversified Machinery;France;;;
LPE.PA;Groupe Laurent-Perrier;PAR;Beverages - Brewers;France;;;
LOCAL.PA;Solocal Group S.A.;PAR;;France;;;
LD.PA;Locindus SA;PAR;Mortgage Investment;France;;;
LAF.PA;Lafuma SA;PAR;Textile - Apparel Clothing;France;;;
ITS.PA;ITS Group;PAR;Information Technology Services;France;;;
ITP.PA;InterParfums SA;PAR;Personal Products;France;;;
INSD.PA;Inside Secure SA;PAR;Business Software & Services;France;;;
INN.PA;Innelec Multimédia SA;PAR;Computers Wholesale;France;;;
ING.PA;Ingenico Group - GCS;PAR;Business Services;France;;;
IDIP.PA;Groupe IDI;PAR;Asset Management;France;;;
HF.PA;HF Company Société Anonyme;PAR;Communication Equipment;France;;;
GTCL.PA;Genticel SA;PAR;;France;;;
GOE.PA;Groupe Gorgé SA;PAR;Scientific & Technical Instruments;France;;;
GLENV.PA;Societe Generale Group;PAR;;France;;;
GECP.PA;GECI International S.A.;PAR;Aerospace/Defense - Major Diversified;France;;;
GDMS.PA;Les Grands Moulins De Strasbourg;PAR;Farm Products;France;;;
GAM.PA;Gaumont SA;PAR;Entertainment - Diversified;France;;;
FTRN.PA;FUTUREN SA;PAR;;France;;;
COUR.PA;Courtois SA;PAR;Property Management;France;;;
COH.PA;Coheris SA;PAR;Technical & System Software;France;;;
MLLOI.PA;Locasystem International SA;PAR;Information Technology Services;France;;;
S30T.PA;;;;;;;
MLIFC.PA;Infoclip S.A.;PAR;;France;;;
30745414.PA;;;;;;;
419726.PA;;;;;;;
MLCOU.PA;Courbet Sa;PAR;Asset Management;France;;;
MLUSG.PA;Universal System Group;PAR;General Building Materials;France;;;
COFA.PA;Coface SA;PAR;Property & Casualty Insurance;France;;;
MLRIV.PA;GROUPE RIVALIS;PAR;;France;;;
GENX.PA;Generix SA;PAR;Business Software & Services;France;;;
MLFTI.PA;France Tourisme Immobilier SA;PAR;;France;;;
MLLED.PA;Novaday S.A.;PAR;Diversified Electronics;France;;;
INF.PA;Infotel SA;PAR;Information Technology Services;France;;;
LAN.PA;Lanson-BCC;PAR;Beverages - Brewers;France;;;
MLSAT.PA;Infosat Telecom SA;PAR;Wireless Communications;France;;;
RIA.PA;RIA.PA;PAR;;France;;;
SK.PA;SEB SA;PAR;Personal Products;France;;;
MLSRP.PA;Speed Rabbit Pizza;PAR;Food Wholesale;France;;;
MLQUD.PA;Novamex S.A.;PAR;;France;;;
OREGE.PA;Orege Société Anonyme;PAR;;France;;;
PUS.PA;;;;;;;
MLUNT.PA;Uniti S.A;PAR;;France;;;
PARDS.PA;;;;;;;
MLARI.PA;Silkan RT SA;PAR;Computers Wholesale;France;;;
MLAUD.PA;Audience Labs;PAR;Marketing Services;France;;;
26310714.PA;;;;;;;
MLGAL.PA;Galeo Concept SA;PAR;;France;;;
UNBL.PA;Unibel S.A.;PAR;Food - Major Diversified;France;;;
NRG.PA;NRJ Group SA;PAR;Broadcasting - Radio;France;;;
SCDV.PA;;;;;;;
SPIE.PA;SPIE SAS;PAR;General Contractors;France;;;
MLCMG.PA;Compagnie Miniere Grecemar SA;PAR;;France;;;
MKEA.PA;Mauna Kea Technologies SA;PAR;Medical Appliances & Equipment;France;;;
TXCL.PA;TxCell S.A.;PAR;Biotechnology;France;;;
26301877.PA;;;;;;;
23047709.PA;;;;;;;
LNA.PA;Le Noble Age S.A.;PAR;Long-Term Care Facilities;France;;;
PHA.PA;Pharmagest Interactive SA;PAR;Technical & System Software;France;;;
GNFT.PA;Genfit SA;PAR;;France;;;
MLPLC.PA;Placoplatre SA;PAR;General Building Materials;France;;;
MLCOL.PA;Collectors;PAR;;France;;;
STNDS.PA;;;;;;;
GBTNV.PA;Guerbet SA;PAR;;France;;;
SESNV.PA;SES-imagotag;PAR;;France;;;
VLTSA.PA;Voltalia SA;PAR;Electric Utilities;France;;;
ROTH.PA;Rothschild & Co SCA;PAR;;France;;;
005408.PA;005408.PA;PAR;;France;;;
RUI.PA;Rubis;PAR;Gas Utilities;France;;;
MEMS.PA;MEMSCAP, S.A.;PAR;Semiconductor Equipment & Materials;France;;;
GRVO.PA;Graines Voltz;PAR;Agricultural Chemicals;France;;;
MLPVG.PA;GROUPE PLUS-VALUES;PAR;;France;;;
MLMII.PA;Maison Internationale de l'Informatique S.A.S.;PAR;Information Technology Services;France;;;
MLPAC.PA;Pacte Novation;PAR;Technical & System Software;France;;;
MLCHP.PA;Christian Potier S.A.;PAR;;France;;;
KORI.PA;Korian;PAR;Hospitals;France;;;
TVLY.PA;Tivoly S.A.;PAR;Diversified Machinery;France;;;
OLGDS.PA;;;;;;;
GENXT.PA;;;;;;;
RBT.PA;Robertet SA;PAR;Chemicals - Major Diversified;France;;;
MLMUL.PA;Mulann SA;PAR;;France;;;
PHAT.PA;;;;;;;
MLGRD.PA;Galloo Ile de France SA;PAR;;France;;;
MLSBT.PA;Scientific Brain Training SA;PAR;Healthcare Information Services;France;;;
MLNEO.PA;Néocom Multimédia SA;PAR;Internet Information Providers;France;;;
MRNNV.PA;Mersen S.A.;PAR;;France;;;
POXEL.PA;Poxel SA;PAR;;France;;;
PCA.PA;PCAS SA;PAR;Chemicals - Major Diversified;France;;;
FREDS.PA;FREY DS;PAR;;France;;;
23051116.PA;;;;;;;
MLGLO.PA;Global Interface S.A;PAR;;France;;;
RXLNV.PA;Rexel SA;PAR;;France;;;
PREC.PA;Precia SA;PAR;Electronic Equipment;France;;;
MLTEK.PA;Technoflex S.A.;PAR;Rubber & Plastics;France;;;
POM.PA;Compagnie Plastic Omnium SA;PAR;Auto Parts;France;;;
DEVR.PA;Devernois;PAR;;France;;;
TFINV.PA;TF1 Group;PAR;;France;;;
IDL.PA;ID Logistics Group SA;PAR;Business Services;France;;;
26163835.PA;;;;;;;
CATG.PA;SA Catana Group;PAR;;France;;;
MLJSA.PA;JSA TECHNOLOGY;PAR;;France;;;
PARNR.PA;;;;;;;
30711274.PA;;;;;;;
LAT.PA;Latécoère S.A.;PAR;Aerospace/Defense - Major Diversified;France;;;
VDLO.PA;Videlio SA;PAR;;France;;;
PAR.PA;Paref SA;PAR;REIT - Diversified;France;;;
PGP.PA;The Procter & Gamble Company;PAR;Personal Products;France;;;
MLIDP.PA;Innovaderma PLC;PAR;;France;;;
MLGEL.PA;Gel Groupe SA;PAR;;France;;;
GTO.PA;GTO.PA;PAR;;France;;;
GIRO.PA;Signaux Girod S.A.;PAR;Diversified Machinery;France;;;
MLGCR.PA;Gold Cap Resources Inc.;PAR;;France;;;
MLUMH.PA;Union Metallurgique de la Haute-Seine S.A.;PAR;Machine Tools & Accessories;France;;;
HCO.PA;High Co. SA;PAR;Advertising Agencies;France;;;
HERIG.PA;Herige;PAR;;France;;;
HIPAY.PA;HiPay Group SA;PAR;;France;;;
MLHTT.PA;Hightel Towers S.p.A.;PAR;;France;;;
MLION.PA;Lionax International Investment Holdings Limited;PAR;Auto Parts;France;;;
MLTMT.PA;China Treasure Mine Technology Holdings Co., Ltd.;PAR;Wireless Communications;France;;;
MLMHO.PA;Mandalore Holding Sa;PAR;;France;;;
IAM.PA;Itissalat Al-Maghrib (IAM) S.A.;PAR;Wireless Communications;France;;;
MLIPP.PA;IMM.PARIS.PERLE;PAR;;France;;;
SSI.PA;SuperSonic Imagine SA;PAR;Medical Laboratories & Research;France;;;
MLIPY.PA;Ipernity Org, S.A.S;PAR;Internet Information Providers;France;;;
MLSNT.PA;Sintesi S.p.A.;PAR;;France;;;
VIT.PA;VIT.PA;PAR;;France;;;
ITL.PA;IT Link SA;PAR;Information Technology Services;France;;;
DECNV.PA;JCDecaux SA;PAR;;France;;;
KAZI.PA;Orchestra-Prémaman S.A.;PAR;Textile - Apparel Clothing;France;;;
KERNV.PA;Kering SA;PAR;;France;;;
LI.PA;Klepierre SA;PAR;REIT - Retail;France;;;
LCO.PA;Wavestone SA;PAR;;France;;;
LDL.PA;Groupe LDLC;PAR;Specialty Retail, Other;France;;;
LNC.PA;Les Nouveaux Constructeurs SA;PAR;Residential Construction;France;;;
MLLCS.PA;Locasolog Société Anonyme;PAR;;France;;;
LOUP.PA;L.D.C. S.A.;PAR;Food - Major Diversified;France;;;
MLLSK.PA;Leyne, Strauss-Kahn & Partners Compagnie Financière;PAR;;France;;;
SESG.PA;SES S.A.;PAR;Broadcasting - TV;France;;;
ORC.PA;Orco Property Group SA;PAR;;France;;;
MCLC.PA;MECELEC S.A.;PAR;;France;;;
MLSKN.PA;Microskin Plc;PAR;;France;;;
MLNEI.PA;News Invest;PAR;Conglomerates;France;;;
MLWEY.PA;Weya SA;PAR;Diversified Utilities;France;;;
MLORT.PA;;;;;;;
MLUMG.PA;Umalis Group;PAR;Staffing & Outsourcing Services;France;;;
MLHOT.PA;Hotelim Société Anonyme;PAR;Lodging;France;;;
MLORC.PA;Orclass Com;PAR;Specialty Retail, Other;France;;;
MLSEC.PA;SECURINFOR Société Anonyme;PAR;Information Technology Services;France;;;
MLMOV.PA;Moviken-SLE;PAR;;France;;;
MLCHE.PA;Cheops Technology France SA;PAR;Information Technology Services;France;;;
MLNES.PA;NESSYA;PAR;;France;;;
MLTEA.PA;SA Team;PAR;Aerospace/Defense - Major Diversified;France;;;
MLHCF.PA;Home Concept;PAR;;France;;;
MLBAT.PA;Batla Minerals SA;PAR;Industrial Metals & Minerals;France;;;
MLMAD.PA;Made SA;PAR;Diversified Utilities;France;;;
MLCSV.PA;CONSULT VOYAGES;PAR;;France;;;
MLVIS.PA;Visio Nerf;PAR;Diversified Machinery;France;;;
MLSOL.PA;Solia SA;PAR;Packaging & Containers;France;;;
MLPHO.PA;Photonike Capital SA;PAR;Diversified Utilities;France;;;
MLMUT.PA;SA Mutualize Corporation;PAR;;France;;;
MLWTT.PA;Wt-Trader;PAR;;France;;;
MLONL.PA;Onlineformapro S.A.;PAR;Internet Information Providers;France;;;
MLDEX.PA;DEBFLEX S.A.;PAR;Diversified Electronics;France;;;
MLOSA.PA;O Sorbet D'amour SA;PAR;;France;;;
MLENE.PA;;;;;;;
MLTRS.PA;TRSB Groupe;PAR;;France;;;
MLFDV.PA;FD;PAR;Food Wholesale;France;;;
MLPPF.PA;Point Parfums;PAR;;France;;;
MLMNR.PA;MNR GROUP SA;PAR;Aerospace/Defense - Major Diversified;France;;;
MLPRI.PA;Societe Nationale de Propriete d'Immeubles;PAR;;France;;;
MLSUM.PA;Sumo Resources Plc;PAR;;France;;;
MLPRO.PA;Protektus AG;PAR;;France;;;
MLCLP.PA;Colipays, S.A.;PAR;Specialty Retail, Other;France;;;
MLDTB.PA;datBIM SA;PAR;;France;;;
MLAAE.PA;Caire;PAR;Air Services, Other;France;;;
MLATV.PA;A Toute Vitesse SA;PAR;Business Services;France;;;
MLSOC.PA;SOCREP;PAR;;France;;;
MLPGO.PA;PGO Automobiles S.A.;PAR;Auto Manufacturers - Major;France;;;
MLUNI.PA;Universal BE;PAR;;France;;;
MONC.PA;Financiere Moncey SA;PAR;Conglomerates;France;;;
MOT.PA;;;;;;;
MONT.PA;MONT.PA;PAR;;France;;;
MRN.PA;Mersen S.A.;PAR;Diversified Electronics;France;;;
GREV.PA;Musee Grevin;PAR;Entertainment - Diversified;France;;;
NXTV.PA;NextRadioTV SA;PAR;;France;;;
NERG.PA;Nergeco SA;PAR;;France;;;
NTG.PA;Netgem SA;PAR;Communication Equipment;France;;;
SACI.PA;Fiducial Office Solutions;PAR;Specialty Retail, Other;France;;;
LINT.PA;;;;;;;
SAFOR.PA;Safe Orthopaedics SA;PAR;;France;;;
PARP.PA;Groupe Partouche SA;PAR;Resorts & Casinos;France;;;
21955871.PA;;;;;;;
24898671.PA;;;;;;;
26281555.PA;;;;;;;
21955245.PA;;;;;;;
23045478.PA;;;;;;;
18980808.PA;;;;;;;
30720018.PA;;;;;;;
29151344.PA;;;;;;;
RUSAL.PA;United Company RUSAL Plc;PAR;Aluminum;France;;;
SATDS.PA;;;;;;;
TCHDS.PA;;;;;;;
MEDDS.PA;;;;;;;
INSDS.PA;;;;;;;
RUIDS.PA;RUIDS.PA;PAR;;France;;;
VLADS.PA;;;;;;;
TEODS.PA;;;;;;;
RLL.PA;Radiall S.A.;PAR;;France;;;
ROD.PA;RODRIGUEZ GROUP;PAR;;France;;;
ROCA.PA;;;;;;;
SOL97.PA;;;;;;;
RUINV.PA;Rubis;PAR;;France;;;
VALE3.PA;Vale S.A.;PAR;Industrial Metals & Minerals;France;;;
SDT.PA;Visiodent S.A.;PAR;Healthcare Information Services;France;;;
SFPI.PA;GROUPE SFPI SA;PAR;;France;;;
SGONV.PA;Compagnie de Saint-Gobain S.A.;PAR;;France;;;
SRP.PA;SRP Groupe S.A.;PAR;;France;;;
TAYN.PA;Societe de Tayninh SA;PAR;Investment Brokerage - National;France;;;
TFI.PA;TF1 Group;PAR;Broadcasting - TV;France;;;
TIPI.PA;Tipiak Société Anonyme;PAR;Food - Major Diversified;France;;;
TOU.PA;Toupargel Groupe SA;PAR;Food Wholesale;France;;;
VLA.PA;Valneva SE;PAR;;France;;;
VETO.PA;Vétoquinol SA;PAR;Drug Manufacturers - Major;France;;;
VIA.PA;GROUPE VIAL;PAR;;France;;;
VLTNR.PA;;;;;;;
VMMA.PA;;;;;;;
WLN.PA;Worldline S.A.;PAR;Business Services;France;;;
RE.PA;Colas SA;PAR;General Contractors;France;;;
SPI.PA;Spir Communication;PAR;;France;;;
HOP.PA;Hopscotch Global PR Group;PAR;;France;;;
INFY.PA;Infosys Limited;PAR;Information Technology Services;France;;;
4848650.PA;4848650.PA;PAR;;France;;;
LIN.PA;Linedata Services S.A.;PAR;Technical & System Software;France;;;
MAN.PA;Manutan International SA;PAR;Business Services;France;;;
PRS.PA;;;;;;;
SANNV.PA;Sanofi;PAR;;France;;;
SAVE.PA;Savencia SA;PAR;;France;;;
SEFER.PA;SergeFerrari Group SA;PAR;General Building Materials;France;;;
SELER.PA;Selectirente;PAR;;France;;;
SEQ.PA;Sequana SA;PAR;;France;;;
